scenario,profit
clean_base,376836.32223499997
clean_pen,365217.356977311
clean_opp,380264.6755577382
attack_base,382049.91024907475
attack_pen,370434.1560059437
attack_opp,385481.1069628889
