scenario,profit
clean_base,16297.895554910927
clean_anom,16319.92378720091
attack_base,16322.131753445019
attack_anom,16361.28586853262
