scenario,profit
clean_base,485145.3558452963
clean_pen,452444.5626139707
clean_opp,487737.981838355
attack_base,490825.05703126534
attack_pen,458642.3599918839
attack_opp,493434.9808647548
