scenario,profit
clean_base,485145.3558452963
clean_pen,448501.9692770325
clean_opp,504663.8353934953
attack_base,491751.99302536505
attack_pen,455223.62506757467
attack_opp,511327.30907883245
