scenario,profit
clean_base,9496.368721666666
clean_penalised,8584.234855192542
clean_opportunistic,10292.437310105232
attack_base,9645.021335
attack_penalised,8883.304493214964
attack_opportunistic,11028.72252550599
