scenario,profit
clean_base,485145.3558452963
clean_pen,444428.23294270743
clean_opp,505951.77479603176
attack_base,491751.99302536505
attack_pen,451089.43694624864
attack_opp,512639.44809573545
