scenario,profit
clean_base,365559.688907
clean_pen,353950.63608184917
clean_opp,368955.71240427234
attack_base,366703.9889444873
attack_pen,355337.28696263646
attack_opp,370084.00857457524
