scenario,profit
clean_base,485145.3558452963
clean_pen,434034.63447917625
clean_opp,506989.4984533211
attack_base,490825.05703126534
attack_pen,440893.5638152707
attack_opp,512495.97320857644
