scenario,profit
clean_base,366326.924407
clean_penalised,357549.8077772589
clean_opportunistic,369463.77766635467
attack_base,366557.953202
attack_penalised,357838.90185272595
attack_opportunistic,369751.4117627779
