scenario,profit
clean_base,366326.924407
clean_penalised,357573.7964501361
clean_opportunistic,369480.54403270653
attack_base,366557.953202
attack_penalised,357812.13529264164
attack_opportunistic,369723.3968150375
