scenario,profit
clean_base,366142.684827
clean_penalised,356072.3759295589
clean_opportunistic,369740.8774337351
attack_base,366260.277515
attack_penalised,356372.7296590704
attack_opportunistic,370045.0415783954
