scenario,profit
clean_base,376836.32223499997
clean_pen,365235.9199382506
clean_opp,380263.93761891534
attack_base,378016.7843285516
attack_pen,366604.52067008347
attack_opp,381437.42454326246
