scenario,profit
clean_base,10414.986293333333
clean_anom,3877.713467083562
attack_base,10416.153706666666
attack_anom,3883.2657364774877
